"painel","categoria","tecnologia","secao","gene"
"Painel de fusões de RNA","RNA","RNA","Painel de fusões RNA","ABL1"
"Painel de fusões de RNA","RNA","RNA","Painel de fusões RNA","AKT1"
"Painel de fusões de RNA","RNA","RNA","Painel de fusões RNA","AKT2"
"Painel de fusões de RNA","RNA","RNA","Painel de fusões RNA","AKT3"
"Painel de fusões de RNA","RNA","RNA","Painel de fusões RNA","ALK"
"Painel de fusões de RNA","RNA","RNA","Painel de fusões RNA","AR"
"Painel de fusões de RNA","RNA","RNA","Painel de fusões RNA","ARAF"
"Painel de fusões de RNA","RNA","RNA","Painel de fusões RNA","ARHGAP26"
"Painel de fusões de RNA","RNA","RNA","Painel de fusões RNA","ATF1"
"Painel de fusões de RNA","RNA","RNA","Painel de fusões RNA","AXL"
"Painel de fusões de RNA","RNA","RNA","Painel de fusões RNA","BCL2"
"Painel de fusões de RNA","RNA","RNA","Painel de fusões RNA","BCOR"
"Painel de fusões de RNA","RNA","RNA","Painel de fusões RNA","BCR"
"Painel de fusões de RNA","RNA","RNA","Painel de fusões RNA","BRAF"
"Painel de fusões de RNA","RNA","RNA","Painel de fusões RNA","BRCA1"
"Painel de fusões de RNA","RNA","RNA","Painel de fusões RNA","BRCA2"
"Painel de fusões de RNA","RNA","RNA","Painel de fusões RNA","BRD3"
"Painel de fusões de RNA","RNA","RNA","Painel de fusões RNA","BRD4"
"Painel de fusões de RNA","RNA","RNA","Painel de fusões RNA","CAMTA1"
"Painel de fusões de RNA","RNA","RNA","Painel de fusões RNA","CCDC6"
"Painel de fusões de RNA","RNA","RNA","Painel de fusões RNA","CCNB3"
"Painel de fusões de RNA","RNA","RNA","Painel de fusões RNA","CD274"
"Painel de fusões de RNA","RNA","RNA","Painel de fusões RNA","CD74"
"Painel de fusões de RNA","RNA","RNA","Painel de fusões RNA","CDK4"
"Painel de fusões de RNA","RNA","RNA","Painel de fusões RNA","CIC"
"Painel de fusões de RNA","RNA","RNA","Painel de fusões RNA","CLDN18"
"Painel de fusões de RNA","RNA","RNA","Painel de fusões RNA","CLTC"
"Painel de fusões de RNA","RNA","RNA","Painel de fusões RNA","COL1A1"
"Painel de fusões de RNA","RNA","RNA","Painel de fusões RNA","CREB1"
"Painel de fusões de RNA","RNA","RNA","Painel de fusões RNA","CREB3L2"
"Painel de fusões de RNA","RNA","RNA","Painel de fusões RNA","CRTC1"
"Painel de fusões de RNA","RNA","RNA","Painel de fusões RNA","CSF1"
"Painel de fusões de RNA","RNA","RNA","Painel de fusões RNA","CSF1R"
"Painel de fusões de RNA","RNA","RNA","Painel de fusões RNA","DDIT3"
"Painel de fusões de RNA","RNA","RNA","Painel de fusões RNA","DUX4"
"Painel de fusões de RNA","RNA","RNA","Painel de fusões RNA","EGFR"
"Painel de fusões de RNA","RNA","RNA","Painel de fusões RNA","EML4"
"Painel de fusões de RNA","RNA","RNA","Painel de fusões RNA","EPC1"
"Painel de fusões de RNA","RNA","RNA","Painel de fusões RNA","ERBB2"
"Painel de fusões de RNA","RNA","RNA","Painel de fusões RNA","ERBB3"
"Painel de fusões de RNA","RNA","RNA","Painel de fusões RNA","ERBB4"
"Painel de fusões de RNA","RNA","RNA","Painel de fusões RNA","ERG"
"Painel de fusões de RNA","RNA","RNA","Painel de fusões RNA","ESR1"
"Painel de fusões de RNA","RNA","RNA","Painel de fusões RNA","ETS1"
"Painel de fusões de RNA","RNA","RNA","Painel de fusões RNA","ETV1"
"Painel de fusões de RNA","RNA","RNA","Painel de fusões RNA","ETV4"
"Painel de fusões de RNA","RNA","RNA","Painel de fusões RNA","ETV5"
"Painel de fusões de RNA","RNA","RNA","Painel de fusões RNA","ETV6"
"Painel de fusões de RNA","RNA","RNA","Painel de fusões RNA","EWSR1"
"Painel de fusões de RNA","RNA","RNA","Painel de fusões RNA","EZR"
"Painel de fusões de RNA","RNA","RNA","Painel de fusões RNA","FEV"
"Painel de fusões de RNA","RNA","RNA","Painel de fusões RNA","FGFR1"
"Painel de fusões de RNA","RNA","RNA","Painel de fusões RNA","FGFR2"
"Painel de fusões de RNA","RNA","RNA","Painel de fusões RNA","FGFR3"
"Painel de fusões de RNA","RNA","RNA","Painel de fusões RNA","FGFR4"
"Painel de fusões de RNA","RNA","RNA","Painel de fusões RNA","FLI1"
"Painel de fusões de RNA","RNA","RNA","Painel de fusões RNA","FLT1"
"Painel de fusões de RNA","RNA","RNA","Painel de fusões RNA","FLT3"
"Painel de fusões de RNA","RNA","RNA","Painel de fusões RNA","FOSB"
"Painel de fusões de RNA","RNA","RNA","Painel de fusões RNA","FOXO1"
"Painel de fusões de RNA","RNA","RNA","Painel de fusões RNA","FUS"
"Painel de fusões de RNA","RNA","RNA","Painel de fusões RNA","GLI1"
"Painel de fusões de RNA","RNA","RNA","Painel de fusões RNA","GREB1"
"Painel de fusões de RNA","RNA","RNA","Painel de fusões RNA","HMGA2"
"Painel de fusões de RNA","RNA","RNA","Painel de fusões RNA","HTR4"
"Painel de fusões de RNA","RNA","RNA","Painel de fusões RNA","IGF2BP3"
"Painel de fusões de RNA","RNA","RNA","Painel de fusões RNA","JAK2"
"Painel de fusões de RNA","RNA","RNA","Painel de fusões RNA","JAZF1"
"Painel de fusões de RNA","RNA","RNA","Painel de fusões RNA","KDR"
"Painel de fusões de RNA","RNA","RNA","Painel de fusões RNA","KIAA1549"
"Painel de fusões de RNA","RNA","RNA","Painel de fusões RNA","KIF5B"
"Painel de fusões de RNA","RNA","RNA","Painel de fusões RNA","KIT"
"Painel de fusões de RNA","RNA","RNA","Painel de fusões RNA","KMT2A"
"Painel de fusões de RNA","RNA","RNA","Painel de fusões RNA","MAML2"
"Painel de fusões de RNA","RNA","RNA","Painel de fusões RNA","MBTD1"
"Painel de fusões de RNA","RNA","RNA","Painel de fusões RNA","MEAF6"
"Painel de fusões de RNA","RNA","RNA","Painel de fusões RNA","MET"
"Painel de fusões de RNA","RNA","RNA","Painel de fusões RNA","MIR143"
"Painel de fusões de RNA","RNA","RNA","Painel de fusões RNA","MITF"
"Painel de fusões de RNA","RNA","RNA","Painel de fusões RNA","MLLT3"
"Painel de fusões de RNA","RNA","RNA","Painel de fusões RNA","MRTFB（MKL2)"
"Painel de fusões de RNA","RNA","RNA","Painel de fusões RNA","MSH2"
"Painel de fusões de RNA","RNA","RNA","Painel de fusões RNA","MYB"
"Painel de fusões de RNA","RNA","RNA","Painel de fusões RNA","MYC"
"Painel de fusões de RNA","RNA","RNA","Painel de fusões RNA","MYCL"
"Painel de fusões de RNA","RNA","RNA","Painel de fusões RNA","NAB2"
"Painel de fusões de RNA","RNA","RNA","Painel de fusões RNA","NCOA1"
"Painel de fusões de RNA","RNA","RNA","Painel de fusões RNA","NCOA2"
"Painel de fusões de RNA","RNA","RNA","Painel de fusões RNA","NCOA3"
"Painel de fusões de RNA","RNA","RNA","Painel de fusões RNA","NCOA4"
"Painel de fusões de RNA","RNA","RNA","Painel de fusões RNA","NOTCH1"
"Painel de fusões de RNA","RNA","RNA","Painel de fusões RNA","NOTCH2"
"Painel de fusões de RNA","RNA","RNA","Painel de fusões RNA","NOTCH3"
"Painel de fusões de RNA","RNA","RNA","Painel de fusões RNA","NPM1"
"Painel de fusões de RNA","RNA","RNA","Painel de fusões RNA","NR4A3"
"Painel de fusões de RNA","RNA","RNA","Painel de fusões RNA","NRG1"
"Painel de fusões de RNA","RNA","RNA","Painel de fusões RNA","NTRK1"
"Painel de fusões de RNA","RNA","RNA","Painel de fusões RNA","NTRK2"
"Painel de fusões de RNA","RNA","RNA","Painel de fusões RNA","NTRK3"
"Painel de fusões de RNA","RNA","RNA","Painel de fusões RNA","NUTM1"
"Painel de fusões de RNA","RNA","RNA","Painel de fusões RNA","NUTM2A"
"Painel de fusões de RNA","RNA","RNA","Painel de fusões RNA","NUTM2B"
"Painel de fusões de RNA","RNA","RNA","Painel de fusões RNA","OGA"
"Painel de fusões de RNA","RNA","RNA","Painel de fusões RNA","PATZ1"
"Painel de fusões de RNA","RNA","RNA","Painel de fusões RNA","PAX3"
"Painel de fusões de RNA","RNA","RNA","Painel de fusões RNA","PAX7"
"Painel de fusões de RNA","RNA","RNA","Painel de fusões RNA","PDCD1LG2"
"Painel de fusões de RNA","RNA","RNA","Painel de fusões RNA","PDGFB"
"Painel de fusões de RNA","RNA","RNA","Painel de fusões RNA","PDGFRA"
"Painel de fusões de RNA","RNA","RNA","Painel de fusões RNA","PDGFRB"
"Painel de fusões de RNA","RNA","RNA","Painel de fusões RNA","PGR"
"Painel de fusões de RNA","RNA","RNA","Painel de fusões RNA","PHF1"
"Painel de fusões de RNA","RNA","RNA","Painel de fusões RNA","PIK3CA"
"Painel de fusões de RNA","RNA","RNA","Painel de fusões RNA","PLAG1"
"Painel de fusões de RNA","RNA","RNA","Painel de fusões RNA","PPARG"
"Painel de fusões de RNA","RNA","RNA","Painel de fusões RNA","PRDM10"
"Painel de fusões de RNA","RNA","RNA","Painel de fusões RNA","PRKACA"
"Painel de fusões de RNA","RNA","RNA","Painel de fusões RNA","RAD51B"
"Painel de fusões de RNA","RNA","RNA","Painel de fusões RNA","RAF1"
"Painel de fusões de RNA","RNA","RNA","Painel de fusões RNA","RELA"
"Painel de fusões de RNA","RNA","RNA","Painel de fusões RNA","RET"
"Painel de fusões de RNA","RNA","RNA","Painel de fusões RNA","ROS1"
"Painel de fusões de RNA","RNA","RNA","Painel de fusões RNA","RPS6KB1"
"Painel de fusões de RNA","RNA","RNA","Painel de fusões RNA","RSPO2"
"Painel de fusões de RNA","RNA","RNA","Painel de fusões RNA","RSPO3"
"Painel de fusões de RNA","RNA","RNA","Painel de fusões RNA","SDC4"
"Painel de fusões de RNA","RNA","RNA","Painel de fusões RNA","SLC34A2"
"Painel de fusões de RNA","RNA","RNA","Painel de fusões RNA","SRF"
"Painel de fusões de RNA","RNA","RNA","Painel de fusões RNA","SS18"
"Painel de fusões de RNA","RNA","RNA","Painel de fusões RNA","SSX1"
"Painel de fusões de RNA","RNA","RNA","Painel de fusões RNA","SSX2"
"Painel de fusões de RNA","RNA","RNA","Painel de fusões RNA","SSX4"
"Painel de fusões de RNA","RNA","RNA","Painel de fusões RNA","ST3GAL1"
"Painel de fusões de RNA","RNA","RNA","Painel de fusões RNA","STAT6"
"Painel de fusões de RNA","RNA","RNA","Painel de fusões RNA","SUZ12"
"Painel de fusões de RNA","RNA","RNA","Painel de fusões RNA","TACC3"
"Painel de fusões de RNA","RNA","RNA","Painel de fusões RNA","TAF15"
"Painel de fusões de RNA","RNA","RNA","Painel de fusões RNA","TCF12"
"Painel de fusões de RNA","RNA","RNA","Painel de fusões RNA","TERT"
"Painel de fusões de RNA","RNA","RNA","Painel de fusões RNA","TFE3"
"Painel de fusões de RNA","RNA","RNA","Painel de fusões RNA","TFEB"
"Painel de fusões de RNA","RNA","RNA","Painel de fusões RNA","TFG"
"Painel de fusões de RNA","RNA","RNA","Painel de fusões RNA","THADA"
"Painel de fusões de RNA","RNA","RNA","Painel de fusões RNA","TMPRSS2"
"Painel de fusões de RNA","RNA","RNA","Painel de fusões RNA","TPM3"
"Painel de fusões de RNA","RNA","RNA","Painel de fusões RNA","USP6"
"Painel de fusões de RNA","RNA","RNA","Painel de fusões RNA","WT1"
"Painel de fusões de RNA","RNA","RNA","Painel de fusões RNA","WWTR1"
"Painel de fusões de RNA","RNA","RNA","Painel de fusões RNA","YAP1"
"Painel de fusões de RNA","RNA","RNA","Painel de fusões RNA","YWHAE"